{"stat.drop.hbm.sellafield_3":1,"stat.flyOneCm":229514,"stat.deaths":1,"stat.walkOneCm":13408,"stat.drop":4,"stat.jump":83,"stat.playOneMinute":18725,"stat.pickup.hbm.struct_launcher_core_large":3,"stat.drop.nocubessrpnests.nestegg":1,"stat.sneakTime":93,"stat.pickup.hbm.missile_custom":1,"stat.damageTaken":45,"stat.useItem.hbm.detonator":2,"stat.crouchOneCm":10,"stat.drop.hbm.gun_revolver_saturnite":1,"stat.drop.minecraft.dirt":4,"stat.timeSinceDeath":8049,"stat.pickup.minecraft.dirt":5,"stat.sprintOneCm":5164,"stat.mineBlock.minecraft.dirt":1,"stat.useItem.minecraft.stone_slab2":7,"stat.pickup.minecraft.planks":4}