{"stat.walkOneCm":10945,"stat.pickup.minecraft.fireworks":128,"stat.useItem.minecraft.flint_and_steel":1,"stat.pickup.minecraft.leather":3,"stat.damageTaken":95,"stat.mobKills":2,"stat.aviateOneCm":677210,"stat.drop.minecraft.netherrack":1,"stat.flyOneCm":9856,"stat.drop":2,"stat.jump":100,"stat.swimOneCm":558,"stat.playOneMinute":8055,"stat.fallOneCm":2356,"stat.climbOneCm":165,"stat.pickup.minecraft.beef":2,"stat.sneakTime":54,"stat.pickup.minecraft.elytra":1,"stat.damageDealt":210,"stat.crouchOneCm":266,"stat.timeSinceDeath":8055,"stat.pickup.minecraft.dirt":5,"stat.killEntity.Cow":2,"stat.useItem.minecraft.dirt":2,"stat.mineBlock.minecraft.dirt":5,"stat.sprintOneCm":5819,"stat.useItem.minecraft.stone_slab2":9,"stat.drop.minecraft.leather":1,"stat.useItem.minecraft.fireworks":1}