{"stat.walkOneCm":18160,"stat.leaveGame":2,"stat.useItem.minecraft.flint_and_steel":1,"stat.damageTaken":265,"stat.drop.minecraft.elytra":1,"stat.aviateOneCm":1421217,"stat.useItem.minecraft.beef":3,"stat.flyOneCm":69690,"stat.drop":2,"stat.jump":122,"stat.swimOneCm":556,"stat.playOneMinute":16898,"stat.fallOneCm":1897,"stat.pickup.minecraft.beef":3,"stat.drop.minecraft.stone":1,"stat.sneakTime":129,"stat.crouchOneCm":120,"stat.timeSinceDeath":16898,"stat.pickup.minecraft.dirt":3,"stat.useItem.minecraft.dirt":1,"stat.sprintOneCm":20332,"stat.mineBlock.minecraft.dirt":3,"stat.useItem.minecraft.stone_slab2":45,"stat.diveOneCm":1053,"stat.useItem.minecraft.fireworks":21,"stat.craftingTableInteraction":1}