{"stat.chestOpened":1,"stat.walkOneCm":16628,"stat.craftItem.minecraft.planks":4,"stat.killEntity.entity_fucc_a_ducc":1,"stat.damageTaken":20000,"stat.useItem.minecraft.chicken":1,"stat.mobKills":1,"stat.mineBlock.minecraft.log":1,"stat.drop.hbm.sellafield_3":1,"stat.pickup.minecraft.log":1,"stat.flyOneCm":366837,"stat.deaths":1,"stat.drop":1,"stat.jump":103,"stat.playOneMinute":19288,"stat.fallOneCm":211,"stat.useItem.minecraft.planks":21,"stat.sneakTime":490,"stat.damageDealt":85,"stat.pickup.minecraft.chicken":1,"stat.crouchOneCm":108,"stat.timeSinceDeath":10136,"stat.sprintOneCm":10437,"stat.useItem.minecraft.spawn_egg":1,"stat.useItem.minecraft.stone_slab2":9}